file_name,strategy,splits,backtracks,clauses,variables,givens,pos,neg,unit_rule,pure_rule,execution_time
/Users/spijkervet/Desktop/test_data/cnf/sudoku/1000-sudokus.txt/289.txt,Grab First,0,0,12012,729,24,2940,23328,1,1,2.353286027908325
/Users/spijkervet/Desktop/test_data/cnf/sudoku/1000-sudokus.txt/504.txt,Grab First,5,1,12013,729,25,8160,36301,7,7,2.171160936355591
/Users/spijkervet/Desktop/test_data/cnf/sudoku/1000-sudokus.txt/262.txt,Grab First,5,3,12012,729,24,10153,42761,9,9,2.2110910415649414
/Users/spijkervet/Desktop/test_data/cnf/sudoku/1000-sudokus.txt/276.txt,Grab First,5,3,12012,729,24,11084,46912,9,9,2.4132091999053955
/Users/spijkervet/Desktop/test_data/cnf/sudoku/1000-sudokus.txt/510.txt,Grab First,7,4,12013,729,25,16950,68735,12,12,2.3626959323883057
/Users/spijkervet/Desktop/test_data/cnf/sudoku/1000-sudokus.txt/538.txt,Grab First,1,0,12013,729,25,3953,25696,2,2,2.146639823913574
/Users/spijkervet/Desktop/test_data/cnf/sudoku/1000-sudokus.txt/909.txt,Grab First,7,5,12014,729,26,13093,49253,13,13,2.574021816253662
/Users/spijkervet/Desktop/test_data/cnf/sudoku/1000-sudokus.txt/921.txt,Grab First,8,4,12015,729,27,15448,56747,13,13,2.289963722229004
/Users/spijkervet/Desktop/test_data/cnf/sudoku/1000-sudokus.txt/935.txt,Grab First,6,6,12015,729,27,10856,43923,13,13,2.269548177719116
/Users/spijkervet/Desktop/test_data/cnf/sudoku/1000-sudokus.txt/706.txt,Grab First,3,1,12014,729,26,8181,39199,5,5,2.2289419174194336
/Users/spijkervet/Desktop/test_data/cnf/sudoku/1000-sudokus.txt/712.txt,Grab First,3,2,12014,729,26,5519,28705,6,6,2.395814895629883
/Users/spijkervet/Desktop/test_data/cnf/sudoku/1000-sudokus.txt/29.txt,Grab First,0,0,12011,729,23,2939,23328,1,1,2.1516239643096924
/Users/spijkervet/Desktop/test_data/cnf/sudoku/1000-sudokus.txt/869.txt,Grab First,3,1,12014,729,26,6351,31313,5,5,2.1763558387756348
/Users/spijkervet/Desktop/test_data/cnf/sudoku/1000-sudokus.txt/15.txt,Grab First,12,10,12010,729,22,20715,68905,23,23,2.4353952407836914
/Users/spijkervet/Desktop/test_data/cnf/sudoku/1000-sudokus.txt/855.txt,Grab First,5,2,12014,729,26,8461,36319,8,8,2.3288469314575195
/Users/spijkervet/Desktop/test_data/cnf/sudoku/1000-sudokus.txt/699.txt,Grab First,1,0,12013,729,25,3588,24631,2,2,2.1432600021362305
/Users/spijkervet/Desktop/test_data/cnf/sudoku/1000-sudokus.txt/841.txt,Grab First,2,0,12014,729,26,4585,27191,3,3,2.1215062141418457
/Users/spijkervet/Desktop/test_data/cnf/sudoku/1000-sudokus.txt/114.txt,Grab First,2,2,12011,729,23,6614,33309,5,5,2.1651291847229004
/Users/spijkervet/Desktop/test_data/cnf/sudoku/1000-sudokus.txt/672.txt,Grab First,1,1,12013,729,25,3709,24624,3,3,2.3712923526763916
/Users/spijkervet/Desktop/test_data/cnf/sudoku/1000-sudokus.txt/666.txt,Grab First,2,1,12013,729,25,4711,26436,4,4,2.3723578453063965
/Users/spijkervet/Desktop/test_data/cnf/sudoku/1000-sudokus.txt/100.txt,Grab First,0,0,12011,729,23,2939,23328,1,1,2.1810500621795654
/Users/spijkervet/Desktop/test_data/cnf/sudoku/1000-sudokus.txt/128.txt,Grab First,7,3,12011,729,23,12062,46937,11,11,2.214012861251831
/Users/spijkervet/Desktop/test_data/cnf/sudoku/1000-sudokus.txt/896.txt,Grab First,21,18,12014,729,26,39353,122617,40,40,3.3264079093933105
/Users/spijkervet/Desktop/test_data/cnf/sudoku/1000-sudokus.txt/882.txt,Grab First,2,1,12014,729,26,4726,26634,4,4,2.176849842071533
/Users/spijkervet/Desktop/test_data/cnf/sudoku/1000-sudokus.txt/470.txt,Grab First,1,0,12013,729,25,3745,25278,2,2,2.22564697265625
/Users/spijkervet/Desktop/test_data/cnf/sudoku/1000-sudokus.txt/316.txt,Grab First,0,0,12012,729,24,2940,23328,1,1,2.1555819511413574
/Users/spijkervet/Desktop/test_data/cnf/sudoku/1000-sudokus.txt/302.txt,Grab First,0,0,12012,729,24,2940,23328,1,1,2.3154380321502686
/Users/spijkervet/Desktop/test_data/cnf/sudoku/1000-sudokus.txt/464.txt,Grab First,8,5,12013,729,25,14541,52206,14,14,2.316619634628296
/Users/spijkervet/Desktop/test_data/cnf/sudoku/1000-sudokus.txt/458.txt,Grab First,2,1,12013,729,25,3880,24585,4,4,2.198396921157837
/Users/spijkervet/Desktop/test_data/cnf/sudoku/1000-sudokus.txt/459.txt,Grab First,9,9,12013,729,25,10030,36633,19,19,2.2561278343200684
/Users/spijkervet/Desktop/test_data/cnf/sudoku/1000-sudokus.txt/303.txt,Grab First,8,6,12012,729,24,11431,40737,15,15,2.4942238330841064
/Users/spijkervet/Desktop/test_data/cnf/sudoku/1000-sudokus.txt/465.txt,Grab First,3,2,12013,729,25,5737,29612,6,6,2.198580026626587
/Users/spijkervet/Desktop/test_data/cnf/sudoku/1000-sudokus.txt/471.txt,Grab First,2,1,12013,729,25,4503,26150,4,4,2.1376900672912598
/Users/spijkervet/Desktop/test_data/cnf/sudoku/1000-sudokus.txt/317.txt,Grab First,0,0,12012,729,24,2940,23328,1,1,2.175802230834961
/Users/spijkervet/Desktop/test_data/cnf/sudoku/1000-sudokus.txt/883.txt,Grab First,2,0,12014,729,26,4766,27872,3,3,2.2312231063842773
/Users/spijkervet/Desktop/test_data/cnf/sudoku/1000-sudokus.txt/129.txt,Grab First,11,9,12011,729,23,19638,64009,21,21,2.640166997909546
/Users/spijkervet/Desktop/test_data/cnf/sudoku/1000-sudokus.txt/897.txt,Grab First,2,2,12014,729,26,5851,30267,5,5,2.4058239459991455
/Users/spijkervet/Desktop/test_data/cnf/sudoku/1000-sudokus.txt/667.txt,Grab First,13,12,12013,729,25,17378,56503,26,26,2.3923919200897217
/Users/spijkervet/Desktop/test_data/cnf/sudoku/1000-sudokus.txt/101.txt,Grab First,0,0,12011,729,23,2939,23328,1,1,2.1069791316986084
/Users/spijkervet/Desktop/test_data/cnf/sudoku/1000-sudokus.txt/115.txt,Grab First,2,1,12011,729,23,4002,25079,4,4,2.1382689476013184
/Users/spijkervet/Desktop/test_data/cnf/sudoku/1000-sudokus.txt/673.txt,Grab First,16,15,12013,729,25,22401,65618,32,32,2.5877339839935303
/Users/spijkervet/Desktop/test_data/cnf/sudoku/1000-sudokus.txt/840.txt,Grab First,3,3,12014,729,26,5955,29181,7,7,2.168354034423828
/Users/spijkervet/Desktop/test_data/cnf/sudoku/1000-sudokus.txt/698.txt,Grab First,0,0,12013,729,25,2941,23328,1,1,2.1431679725646973
/Users/spijkervet/Desktop/test_data/cnf/sudoku/1000-sudokus.txt/854.txt,Grab First,9,7,12014,729,26,14460,49822,17,17,2.277080774307251
/Users/spijkervet/Desktop/test_data/cnf/sudoku/1000-sudokus.txt/14.txt,Grab First,7,4,12010,729,22,9625,36531,12,12,2.203089952468872
/Users/spijkervet/Desktop/test_data/cnf/sudoku/1000-sudokus.txt/868.txt,Grab First,3,0,12014,729,26,5664,30254,4,4,2.333935022354126
/Users/spijkervet/Desktop/test_data/cnf/sudoku/1000-sudokus.txt/28.txt,Grab First,0,0,12011,729,23,2939,23328,1,1,2.135838031768799
/Users/spijkervet/Desktop/test_data/cnf/sudoku/1000-sudokus.txt/713.txt,Grab First,3,0,12014,729,26,5698,29854,4,4,2.1706161499023438
/Users/spijkervet/Desktop/test_data/cnf/sudoku/1000-sudokus.txt/707.txt,Grab First,0,0,12014,729,26,2942,23328,1,1,2.098567008972168
/Users/spijkervet/Desktop/test_data/cnf/sudoku/1000-sudokus.txt/934.txt,Grab First,24,23,12015,729,27,39650,108209,48,48,3.244180917739868
/Users/spijkervet/Desktop/test_data/cnf/sudoku/1000-sudokus.txt/920.txt,Grab First,8,3,12015,729,27,8977,35274,12,12,2.310054302215576
/Users/spijkervet/Desktop/test_data/cnf/sudoku/1000-sudokus.txt/908.txt,Grab First,3,2,12014,729,26,6422,32758,6,6,2.4328341484069824
/Users/spijkervet/Desktop/test_data/cnf/sudoku/1000-sudokus.txt/539.txt,Grab First,4,1,12013,729,25,6544,31433,6,6,2.1559009552001953
/Users/spijkervet/Desktop/test_data/cnf/sudoku/1000-sudokus.txt/277.txt,Grab First,1,0,12012,729,24,3856,25512,2,2,2.4218640327453613
/Users/spijkervet/Desktop/test_data/cnf/sudoku/1000-sudokus.txt/511.txt,Grab First,0,0,12013,729,25,2941,23328,1,1,2.1497490406036377
/Users/spijkervet/Desktop/test_data/cnf/sudoku/1000-sudokus.txt/505.txt,Grab First,11,5,12013,729,25,16585,59442,17,17,2.3328938484191895
/Users/spijkervet/Desktop/test_data/cnf/sudoku/1000-sudokus.txt/263.txt,Grab First,0,0,12012,729,24,2940,23328,1,1,2.2886757850646973
/Users/spijkervet/Desktop/test_data/cnf/sudoku/1000-sudokus.txt/288.txt,Grab First,1,1,12012,729,24,4703,27951,3,3,2.4157040119171143
/Users/spijkervet/Desktop/test_data/cnf/sudoku/1000-sudokus.txt/513.txt,Grab First,20,17,12013,729,25,38439,117924,38,38,3.247408866882324
/Users/spijkervet/Desktop/test_data/cnf/sudoku/1000-sudokus.txt/275.txt,Grab First,0,0,12012,729,24,2940,23328,1,1,2.2516229152679443
/Users/spijkervet/Desktop/test_data/cnf/sudoku/1000-sudokus.txt/261.txt,Grab First,5,4,12012,729,24,8906,37660,10,10,2.424837350845337
/Users/spijkervet/Desktop/test_data/cnf/sudoku/1000-sudokus.txt/507.txt,Grab First,11,8,12013,729,25,17150,55733,20,20,2.3743889331817627
/Users/spijkervet/Desktop/test_data/cnf/sudoku/1000-sudokus.txt/249.txt,Grab First,24,23,12012,729,24,40501,116749,48,48,2.9742729663848877
/Users/spijkervet/Desktop/test_data/cnf/sudoku/1000-sudokus.txt/936.txt,Grab First,6,6,12015,729,27,9223,36360,13,13,2.2830259799957275
/Users/spijkervet/Desktop/test_data/cnf/sudoku/1000-sudokus.txt/922.txt,Grab First,4,1,12015,729,27,6891,32918,6,6,2.3566389083862305
/Users/spijkervet/Desktop/test_data/cnf/sudoku/1000-sudokus.txt/711.txt,Grab First,4,2,12014,729,26,7160,32410,7,7,2.2119219303131104
/Users/spijkervet/Desktop/test_data/cnf/sudoku/1000-sudokus.txt/705.txt,Grab First,4,1,12013,729,25,6142,30545,6,6,2.1643550395965576
/Users/spijkervet/Desktop/test_data/cnf/sudoku/1000-sudokus.txt/739.txt,Grab First,14,10,12014,729,26,23604,76824,25,25,2.3319079875946045
/Users/spijkervet/Desktop/test_data/cnf/sudoku/1000-sudokus.txt/842.txt,Grab First,37,37,12014,729,26,63754,176406,75,75,3.1097488403320312
/Users/spijkervet/Desktop/test_data/cnf/sudoku/1000-sudokus.txt/16.txt,Grab First,0,0,12010,729,22,2938,23328,1,1,2.379457950592041
/Users/spijkervet/Desktop/test_data/cnf/sudoku/1000-sudokus.txt/856.txt,Grab First,5,1,12014,729,26,7075,32101,7,7,2.0761477947235107
/Users/spijkervet/Desktop/test_data/cnf/sudoku/1000-sudokus.txt/103.txt,Grab First,7,5,12011,729,23,12149,43156,13,13,2.3051419258117676
/Users/spijkervet/Desktop/test_data/cnf/sudoku/1000-sudokus.txt/665.txt,Grab First,11,8,12013,729,25,23640,82045,20,20,2.660640001296997
/Users/spijkervet/Desktop/test_data/cnf/sudoku/1000-sudokus.txt/671.txt,Grab First,3,1,12013,729,25,5994,30057,5,5,2.2999422550201416
/Users/spijkervet/Desktop/test_data/cnf/sudoku/1000-sudokus.txt/117.txt,Grab First,0,0,12011,729,23,2939,23328,1,1,2.2558438777923584
/Users/spijkervet/Desktop/test_data/cnf/sudoku/1000-sudokus.txt/881.txt,Grab First,5,0,12014,729,26,9656,42216,6,6,2.4171149730682373
/Users/spijkervet/Desktop/test_data/cnf/sudoku/1000-sudokus.txt/659.txt,Grab First,3,1,12013,729,25,5252,27923,5,5,2.195521116256714
/Users/spijkervet/Desktop/test_data/cnf/sudoku/1000-sudokus.txt/895.txt,Grab First,28,25,12014,729,26,44727,122017,54,54,2.7308380603790283
/Users/spijkervet/Desktop/test_data/cnf/sudoku/1000-sudokus.txt/498.txt,Grab First,9,6,12013,729,25,16109,57868,16,16,2.5740489959716797
/Users/spijkervet/Desktop/test_data/cnf/sudoku/1000-sudokus.txt/467.txt,Grab First,1,0,12013,729,25,4308,27327,2,2,2.3541460037231445
/Users/spijkervet/Desktop/test_data/cnf/sudoku/1000-sudokus.txt/301.txt,Grab First,2,1,12012,729,24,7051,37269,4,4,2.216456890106201
/Users/spijkervet/Desktop/test_data/cnf/sudoku/1000-sudokus.txt/315.txt,Grab First,8,6,12012,729,24,14937,55947,15,15,2.4369571208953857
/Users/spijkervet/Desktop/test_data/cnf/sudoku/1000-sudokus.txt/473.txt,Grab First,5,3,12013,729,25,10026,42627,9,9,2.4478399753570557
/Users/spijkervet/Desktop/test_data/cnf/sudoku/1000-sudokus.txt/329.txt,Grab First,4,4,12012,729,24,8457,36999,9,9,2.3288450241088867
/Users/spijkervet/Desktop/test_data/cnf/sudoku/1000-sudokus.txt/328.txt,Grab First,14,14,12012,729,24,19151,60165,29,29,2.636326789855957
/Users/spijkervet/Desktop/test_data/cnf/sudoku/1000-sudokus.txt/314.txt,Grab First,25,21,12012,729,24,40716,122504,47,47,2.7444229125976562
/Users/spijkervet/Desktop/test_data/cnf/sudoku/1000-sudokus.txt/472.txt,Grab First,66,65,12013,729,25,105528,295699,132,132,3.7875866889953613
/Users/spijkervet/Desktop/test_data/cnf/sudoku/1000-sudokus.txt/466.txt,Grab First,15,10,12013,729,25,25916,84017,26,26,2.466715097427368
/Users/spijkervet/Desktop/test_data/cnf/sudoku/1000-sudokus.txt/300.txt,Grab First,2,0,12012,729,24,4220,25724,3,3,2.340423345565796
/Users/spijkervet/Desktop/test_data/cnf/sudoku/1000-sudokus.txt/499.txt,Grab First,9,8,12013,729,25,11364,40165,18,18,2.2590479850769043
/Users/spijkervet/Desktop/test_data/cnf/sudoku/1000-sudokus.txt/894.txt,Grab First,10,7,12014,729,26,16421,54171,18,18,2.358398914337158
/Users/spijkervet/Desktop/test_data/cnf/sudoku/1000-sudokus.txt/658.txt,Grab First,16,14,12013,729,25,27190,85707,31,31,2.691190004348755
/Users/spijkervet/Desktop/test_data/cnf/sudoku/1000-sudokus.txt/880.txt,Grab First,24,22,12014,729,26,26922,75908,47,47,2.54779314994812
/Users/spijkervet/Desktop/test_data/cnf/sudoku/1000-sudokus.txt/670.txt,Grab First,2,0,12013,729,25,4748,27443,3,3,2.3536410331726074
/Users/spijkervet/Desktop/test_data/cnf/sudoku/1000-sudokus.txt/116.txt,Grab First,1,1,12011,729,23,3875,24996,3,3,2.3263580799102783
/Users/spijkervet/Desktop/test_data/cnf/sudoku/1000-sudokus.txt/102.txt,Grab First,4,1,12011,729,23,7769,36036,6,6,2.227630138397217
/Users/spijkervet/Desktop/test_data/cnf/sudoku/1000-sudokus.txt/664.txt,Grab First,0,0,12013,729,25,2941,23328,1,1,2.4125149250030518
/Users/spijkervet/Desktop/test_data/cnf/sudoku/1000-sudokus.txt/857.txt,Grab First,38,34,12014,729,26,63687,180595,73,73,3.257737874984741
/Users/spijkervet/Desktop/test_data/cnf/sudoku/1000-sudokus.txt/17.txt,Grab First,0,0,12010,729,22,2938,23328,1,1,2.383273124694824
/Users/spijkervet/Desktop/test_data/cnf/sudoku/1000-sudokus.txt/843.txt,Grab First,32,30,12014,729,26,49320,137384,63,63,3.306222677230835
/Users/spijkervet/Desktop/test_data/cnf/sudoku/1000-sudokus.txt/738.txt,Grab First,2,0,12014,729,26,5806,31702,3,3,2.18802809715271
/Users/spijkervet/Desktop/test_data/cnf/sudoku/1000-sudokus.txt/704.txt,Grab First,7,5,12013,729,25,12999,49878,13,13,2.463569164276123
/Users/spijkervet/Desktop/test_data/cnf/sudoku/1000-sudokus.txt/710.txt,Grab First,0,0,12014,729,26,2942,23328,1,1,2.253739833831787
/Users/spijkervet/Desktop/test_data/cnf/sudoku/1000-sudokus.txt/923.txt,Grab First,17,15,12015,729,27,34584,113583,33,33,2.8713910579681396
/Users/spijkervet/Desktop/test_data/cnf/sudoku/1000-sudokus.txt/937.txt,Grab First,0,0,12015,729,27,2943,23328,1,1,2.344879150390625
/Users/spijkervet/Desktop/test_data/cnf/sudoku/1000-sudokus.txt/248.txt,Grab First,0,0,12012,729,24,2940,23328,1,1,2.093940019607544
/Users/spijkervet/Desktop/test_data/cnf/sudoku/1000-sudokus.txt/260.txt,Grab First,4,3,12012,729,24,6786,30700,8,8,2.1981489658355713
/Users/spijkervet/Desktop/test_data/cnf/sudoku/1000-sudokus.txt/506.txt,Grab First,2,1,12013,729,25,4887,27444,4,4,2.2163872718811035
/Users/spijkervet/Desktop/test_data/cnf/sudoku/1000-sudokus.txt/512.txt,Grab First,0,0,12013,729,25,2941,23328,1,1,2.1794872283935547
/Users/spijkervet/Desktop/test_data/cnf/sudoku/1000-sudokus.txt/274.txt,Grab First,2,1,12012,729,24,4808,27382,4,4,2.3119611740112305
/Users/spijkervet/Desktop/test_data/cnf/sudoku/1000-sudokus.txt/258.txt,Grab First,2,1,12012,729,24,6280,32764,4,4,2.2638919353485107
/Users/spijkervet/Desktop/test_data/cnf/sudoku/1000-sudokus.txt/270.txt,Grab First,0,0,12012,729,24,2940,23328,1,1,2.210841178894043
/Users/spijkervet/Desktop/test_data/cnf/sudoku/1000-sudokus.txt/516.txt,Grab First,2,0,12013,729,25,4989,28508,3,3,2.234233856201172
/Users/spijkervet/Desktop/test_data/cnf/sudoku/1000-sudokus.txt/502.txt,Grab First,18,14,12013,729,25,29805,91794,33,33,2.608146905899048
/Users/spijkervet/Desktop/test_data/cnf/sudoku/1000-sudokus.txt/264.txt,Grab First,1,0,12012,729,24,3595,24619,2,2,2.1923460960388184
/Users/spijkervet/Desktop/test_data/cnf/sudoku/1000-sudokus.txt/933.txt,Grab First,12,10,12015,729,27,20903,64404,23,23,2.7592978477478027
/Users/spijkervet/Desktop/test_data/cnf/sudoku/1000-sudokus.txt/927.txt,Grab First,1,0,12015,729,27,4105,26414,2,2,2.0323147773742676
/Users/spijkervet/Desktop/test_data/cnf/sudoku/1000-sudokus.txt/728.txt,Grab First,2,1,12014,729,26,6174,32380,4,4,2.162698984146118
/Users/spijkervet/Desktop/test_data/cnf/sudoku/1000-sudokus.txt/714.txt,Grab First,1,1,12014,729,26,3863,25119,3,3,2.149397850036621
/Users/spijkervet/Desktop/test_data/cnf/sudoku/1000-sudokus.txt/700.txt,Grab First,9,8,12013,729,25,15713,52342,18,18,2.229123830795288
/Users/spijkervet/Desktop/test_data/cnf/sudoku/1000-sudokus.txt/847.txt,Grab First,5,2,12014,729,26,7703,34227,8,8,2.327855110168457
/Users/spijkervet/Desktop/test_data/cnf/sudoku/1000-sudokus.txt/13.txt,Grab First,4,4,12010,729,22,9564,42312,9,9,2.1362197399139404
/Users/spijkervet/Desktop/test_data/cnf/sudoku/1000-sudokus.txt/853.txt,Grab First,3,3,12014,729,26,6196,30006,7,7,2.148900270462036
/Users/spijkervet/Desktop/test_data/cnf/sudoku/1000-sudokus.txt/884.txt,Grab First,0,0,12014,729,26,2942,23328,1,1,2.2180769443511963
/Users/spijkervet/Desktop/test_data/cnf/sudoku/1000-sudokus.txt/890.txt,Grab First,4,1,12014,729,26,7975,35613,6,6,2.0823206901550293
/Users/spijkervet/Desktop/test_data/cnf/sudoku/1000-sudokus.txt/648.txt,Grab First,41,39,12013,729,25,74747,222692,81,81,3.944660186767578
/Users/spijkervet/Desktop/test_data/cnf/sudoku/1000-sudokus.txt/660.txt,Grab First,4,1,12013,729,25,5721,28616,6,6,2.5253407955169678
/Users/spijkervet/Desktop/test_data/cnf/sudoku/1000-sudokus.txt/106.txt,Grab First,0,0,12011,729,23,2939,23328,1,1,2.272883892059326
/Users/spijkervet/Desktop/test_data/cnf/sudoku/1000-sudokus.txt/112.txt,Grab First,4,3,12011,729,23,10057,42270,8,8,2.3185007572174072
/Users/spijkervet/Desktop/test_data/cnf/sudoku/1000-sudokus.txt/674.txt,Grab First,1,1,12013,729,25,3901,25020,3,3,2.2253949642181396
/Users/spijkervet/Desktop/test_data/cnf/sudoku/1000-sudokus.txt/489.txt,Grab First,0,0,12013,729,25,2941,23328,1,1,2.1544480323791504
/Users/spijkervet/Desktop/test_data/cnf/sudoku/1000-sudokus.txt/338.txt,Grab First,4,1,12012,729,24,9104,41960,6,6,2.5769848823547363
/Users/spijkervet/Desktop/test_data/cnf/sudoku/1000-sudokus.txt/304.txt,Grab First,2,1,12012,729,24,4427,26057,4,4,2.137640953063965
/Users/spijkervet/Desktop/test_data/cnf/sudoku/1000-sudokus.txt/462.txt,Grab First,3,1,12013,729,25,6154,31305,5,5,2.277294158935547
/Users/spijkervet/Desktop/test_data/cnf/sudoku/1000-sudokus.txt/476.txt,Grab First,5,3,12013,729,25,8689,35800,9,9,2.3539369106292725
/Users/spijkervet/Desktop/test_data/cnf/sudoku/1000-sudokus.txt/310.txt,Grab First,4,0,12012,729,24,7145,34303,5,5,2.356168031692505
/Users/spijkervet/Desktop/test_data/cnf/sudoku/1000-sudokus.txt/477.txt,Grab First,22,22,12013,729,25,40776,124287,45,45,2.698946237564087
/Users/spijkervet/Desktop/test_data/cnf/sudoku/1000-sudokus.txt/311.txt,Grab First,2,2,12012,729,24,6353,32259,5,5,2.3935258388519287
/Users/spijkervet/Desktop/test_data/cnf/sudoku/1000-sudokus.txt/305.txt,Grab First,2,1,12012,729,24,6150,32904,4,4,2.2496888637542725
/Users/spijkervet/Desktop/test_data/cnf/sudoku/1000-sudokus.txt/463.txt,Grab First,1,1,12013,729,25,4917,29178,3,3,2.202399969100952
/Users/spijkervet/Desktop/test_data/cnf/sudoku/1000-sudokus.txt/339.txt,Grab First,2,1,12012,729,24,4099,25499,4,4,2.0993752479553223
/Users/spijkervet/Desktop/test_data/cnf/sudoku/1000-sudokus.txt/488.txt,Grab First,13,11,12013,729,25,22756,75389,25,25,2.4454541206359863
/Users/spijkervet/Desktop/test_data/cnf/sudoku/1000-sudokus.txt/113.txt,Grab First,0,0,12011,729,23,2939,23328,1,1,2.4389970302581787
/Users/spijkervet/Desktop/test_data/cnf/sudoku/1000-sudokus.txt/675.txt,Grab First,7,5,12013,729,25,16287,62462,13,13,2.3245928287506104
/Users/spijkervet/Desktop/test_data/cnf/sudoku/1000-sudokus.txt/661.txt,Grab First,32,26,12013,729,25,60210,190663,59,59,3.161975145339966
/Users/spijkervet/Desktop/test_data/cnf/sudoku/1000-sudokus.txt/107.txt,Grab First,106,105,12011,729,23,165250,458805,212,212,4.970919370651245
/Users/spijkervet/Desktop/test_data/cnf/sudoku/1000-sudokus.txt/649.txt,Grab First,8,4,12013,729,25,7146,30629,13,13,2.4631381034851074
/Users/spijkervet/Desktop/test_data/cnf/sudoku/1000-sudokus.txt/891.txt,Grab First,4,3,12014,729,26,8868,37784,8,8,2.2691099643707275
/Users/spijkervet/Desktop/test_data/cnf/sudoku/1000-sudokus.txt/885.txt,Grab First,9,8,12014,729,26,17923,60157,18,18,2.3800528049468994
/Users/spijkervet/Desktop/test_data/cnf/sudoku/1000-sudokus.txt/852.txt,Grab First,1,1,12014,729,26,3948,25098,3,3,2.1440162658691406
/Users/spijkervet/Desktop/test_data/cnf/sudoku/1000-sudokus.txt/12.txt,Grab First,3,1,12010,729,22,5461,28979,5,5,2.157231092453003
/Users/spijkervet/Desktop/test_data/cnf/sudoku/1000-sudokus.txt/846.txt,Grab First,3,2,12014,729,26,6186,31178,6,6,2.3624799251556396
/Users/spijkervet/Desktop/test_data/cnf/sudoku/1000-sudokus.txt/701.txt,Grab First,5,2,12013,729,25,10630,45251,8,8,2.2357981204986572
/Users/spijkervet/Desktop/test_data/cnf/sudoku/1000-sudokus.txt/715.txt,Grab First,5,3,12014,729,26,8516,36592,9,9,2.3734939098358154
/Users/spijkervet/Desktop/test_data/cnf/sudoku/1000-sudokus.txt/729.txt,Grab First,2,2,12014,729,26,5488,28566,5,5,2.132236957550049
/Users/spijkervet/Desktop/test_data/cnf/sudoku/1000-sudokus.txt/926.txt,Grab First,7,5,12015,729,27,10983,39722,13,13,2.2207748889923096
/Users/spijkervet/Desktop/test_data/cnf/sudoku/1000-sudokus.txt/932.txt,Grab First,9,6,12015,729,27,12921,45846,16,16,2.3118598461151123
/Users/spijkervet/Desktop/test_data/cnf/sudoku/1000-sudokus.txt/503.txt,Grab First,9,7,12013,729,25,17777,60064,17,17,2.3504068851470947
/Users/spijkervet/Desktop/test_data/cnf/sudoku/1000-sudokus.txt/265.txt,Grab First,0,0,12012,729,24,2940,23328,1,1,2.2570061683654785
/Users/spijkervet/Desktop/test_data/cnf/sudoku/1000-sudokus.txt/271.txt,Grab First,2,0,12012,729,24,4340,26200,3,3,2.131324052810669
/Users/spijkervet/Desktop/test_data/cnf/sudoku/1000-sudokus.txt/517.txt,Grab First,2,1,12013,729,25,4786,27437,4,4,2.2613182067871094
/Users/spijkervet/Desktop/test_data/cnf/sudoku/1000-sudokus.txt/259.txt,Grab First,18,12,12012,729,24,34803,118971,31,31,2.648602247238159
/Users/spijkervet/Desktop/test_data/cnf/sudoku/1000-sudokus.txt/298.txt,Grab First,6,4,12012,729,24,12112,49066,11,11,2.3112878799438477
/Users/spijkervet/Desktop/test_data/cnf/sudoku/1000-sudokus.txt/529.txt,Grab First,3,1,12013,729,25,5707,29140,5,5,2.319121837615967
/Users/spijkervet/Desktop/test_data/cnf/sudoku/1000-sudokus.txt/267.txt,Grab First,13,12,12012,729,24,16457,49321,26,26,2.557251214981079
/Users/spijkervet/Desktop/test_data/cnf/sudoku/1000-sudokus.txt/501.txt,Grab First,0,0,12013,729,25,2941,23328,1,1,2.1407220363616943
/Users/spijkervet/Desktop/test_data/cnf/sudoku/1000-sudokus.txt/515.txt,Grab First,0,0,12013,729,25,2941,23328,1,1,2.097270965576172
/Users/spijkervet/Desktop/test_data/cnf/sudoku/1000-sudokus.txt/273.txt,Grab First,1,1,12012,729,24,3552,24162,3,3,2.1745378971099854
/Users/spijkervet/Desktop/test_data/cnf/sudoku/1000-sudokus.txt/924.txt,Grab First,25,21,12015,729,27,38064,106669,47,47,2.679417133331299
/Users/spijkervet/Desktop/test_data/cnf/sudoku/1000-sudokus.txt/930.txt,Grab First,5,1,12015,729,27,8814,38257,7,7,2.3332059383392334
/Users/spijkervet/Desktop/test_data/cnf/sudoku/1000-sudokus.txt/918.txt,Grab First,0,0,12015,729,27,2943,23328,1,1,2.1590378284454346
/Users/spijkervet/Desktop/test_data/cnf/sudoku/1000-sudokus.txt/703.txt,Grab First,4,4,12013,729,25,9489,41418,9,9,2.2156639099121094
/Users/spijkervet/Desktop/test_data/cnf/sudoku/1000-sudokus.txt/717.txt,Grab First,0,0,12014,729,26,2942,23328,1,1,2.12764310836792
/Users/spijkervet/Desktop/test_data/cnf/sudoku/1000-sudokus.txt/688.txt,Grab First,4,1,12013,729,25,5586,28111,6,6,2.1841819286346436
/Users/spijkervet/Desktop/test_data/cnf/sudoku/1000-sudokus.txt/10.txt,Grab First,58,56,12010,729,22,108135,302911,115,115,3.7658650875091553
/Users/spijkervet/Desktop/test_data/cnf/sudoku/1000-sudokus.txt/850.txt,Grab First,2,1,12014,729,26,5712,29944,4,4,2.330096960067749
/Users/spijkervet/Desktop/test_data/cnf/sudoku/1000-sudokus.txt/844.txt,Grab First,6,3,12014,729,26,9221,40477,10,10,2.2725701332092285
/Users/spijkervet/Desktop/test_data/cnf/sudoku/1000-sudokus.txt/38.txt,Grab First,0,0,12011,729,23,2939,23328,1,1,2.1902830600738525
/Users/spijkervet/Desktop/test_data/cnf/sudoku/1000-sudokus.txt/878.txt,Grab First,2,0,12014,729,26,3902,25012,3,3,2.196993112564087
/Users/spijkervet/Desktop/test_data/cnf/sudoku/1000-sudokus.txt/893.txt,Grab First,3,2,12014,729,26,6636,32980,6,6,2.224004030227661
/Users/spijkervet/Desktop/test_data/cnf/sudoku/1000-sudokus.txt/139.txt,Grab First,3,0,12012,729,24,5148,28348,4,4,2.4492979049682617
/Users/spijkervet/Desktop/test_data/cnf/sudoku/1000-sudokus.txt/887.txt,Grab First,0,0,12014,729,26,2942,23328,1,1,2.305964708328247
/Users/spijkervet/Desktop/test_data/cnf/sudoku/1000-sudokus.txt/677.txt,Grab First,0,0,12013,729,25,2941,23328,1,1,2.152946949005127
/Users/spijkervet/Desktop/test_data/cnf/sudoku/1000-sudokus.txt/111.txt,Grab First,0,0,12011,729,23,2939,23328,1,1,2.258714199066162
/Users/spijkervet/Desktop/test_data/cnf/sudoku/1000-sudokus.txt/105.txt,Grab First,0,0,12011,729,23,2939,23328,1,1,2.2463858127593994
/Users/spijkervet/Desktop/test_data/cnf/sudoku/1000-sudokus.txt/663.txt,Grab First,2,1,12013,729,25,4854,27537,4,4,2.192830801010132
/Users/spijkervet/Desktop/test_data/cnf/sudoku/1000-sudokus.txt/449.txt,Grab First,0,0,12013,729,25,2941,23328,1,1,2.3565142154693604
/Users/spijkervet/Desktop/test_data/cnf/sudoku/1000-sudokus.txt/313.txt,Grab First,4,2,12012,729,24,8222,36278,7,7,2.1450259685516357
/Users/spijkervet/Desktop/test_data/cnf/sudoku/1000-sudokus.txt/475.txt,Grab First,1,1,12013,729,25,4117,25824,3,3,2.2094011306762695
/Users/spijkervet/Desktop/test_data/cnf/sudoku/1000-sudokus.txt/461.txt,Grab First,0,0,12013,729,25,2941,23328,1,1,2.176959991455078
/Users/spijkervet/Desktop/test_data/cnf/sudoku/1000-sudokus.txt/307.txt,Grab First,3,1,12012,729,24,5306,28248,5,5,2.3163089752197266
/Users/spijkervet/Desktop/test_data/cnf/sudoku/1000-sudokus.txt/460.txt,Grab First,5,1,12013,729,25,8407,36954,7,7,2.5167038440704346
/Users/spijkervet/Desktop/test_data/cnf/sudoku/1000-sudokus.txt/306.txt,Grab First,2,1,12012,729,24,6107,32453,4,4,2.5252180099487305
/Users/spijkervet/Desktop/test_data/cnf/sudoku/1000-sudokus.txt/312.txt,Grab First,0,0,12012,729,24,2940,23328,1,1,2.5159852504730225
/Users/spijkervet/Desktop/test_data/cnf/sudoku/1000-sudokus.txt/474.txt,Grab First,5,2,12013,729,25,6552,29631,8,8,2.4066078662872314
/Users/spijkervet/Desktop/test_data/cnf/sudoku/1000-sudokus.txt/448.txt,Grab First,1,1,12013,729,25,4028,25689,3,3,2.065148115158081
/Users/spijkervet/Desktop/test_data/cnf/sudoku/1000-sudokus.txt/104.txt,Grab First,0,0,12011,729,23,2939,23328,1,1,2.3700337409973145
/Users/spijkervet/Desktop/test_data/cnf/sudoku/1000-sudokus.txt/662.txt,Grab First,9,8,12013,729,25,18988,68949,18,18,2.527068853378296
/Users/spijkervet/Desktop/test_data/cnf/sudoku/1000-sudokus.txt/676.txt,Grab First,21,21,12013,729,25,39392,117279,43,43,3.3082189559936523
/Users/spijkervet/Desktop/test_data/cnf/sudoku/1000-sudokus.txt/110.txt,Grab First,2,2,12011,729,23,4888,27915,5,5,2.343893051147461
/Users/spijkervet/Desktop/test_data/cnf/sudoku/1000-sudokus.txt/138.txt,Grab First,6,5,12011,729,23,7665,31528,12,12,2.6328399181365967
/Users/spijkervet/Desktop/test_data/cnf/sudoku/1000-sudokus.txt/886.txt,Grab First,2,0,12014,729,26,5502,30668,3,3,2.273806095123291
/Users/spijkervet/Desktop/test_data/cnf/sudoku/1000-sudokus.txt/892.txt,Grab First,5,2,12014,729,26,8484,37954,8,8,2.238463878631592
/Users/spijkervet/Desktop/test_data/cnf/sudoku/1000-sudokus.txt/879.txt,Grab First,2,0,12014,729,26,4842,28262,3,3,2.588043212890625
/Users/spijkervet/Desktop/test_data/cnf/sudoku/1000-sudokus.txt/39.txt,Grab First,4,4,12011,729,23,6954,31983,9,9,2.4925038814544678
/Users/spijkervet/Desktop/test_data/cnf/sudoku/1000-sudokus.txt/845.txt,Grab First,3,2,12014,729,26,7544,35182,6,6,2.5043671131134033
/Users/spijkervet/Desktop/test_data/cnf/sudoku/1000-sudokus.txt/851.txt,Grab First,7,4,12014,729,26,12167,47377,12,12,2.3399829864501953
/Users/spijkervet/Desktop/test_data/cnf/sudoku/1000-sudokus.txt/11.txt,Grab First,0,0,12010,729,22,2938,23328,1,1,2.381533145904541
/Users/spijkervet/Desktop/test_data/cnf/sudoku/1000-sudokus.txt/689.txt,Grab First,77,76,12013,729,25,148106,388601,154,154,5.030701160430908
/Users/spijkervet/Desktop/test_data/cnf/sudoku/1000-sudokus.txt/716.txt,Grab First,0,0,12014,729,26,2942,23328,1,1,2.238584041595459
/Users/spijkervet/Desktop/test_data/cnf/sudoku/1000-sudokus.txt/702.txt,Grab First,13,8,12013,729,25,22613,79324,22,22,2.4800572395324707
/Users/spijkervet/Desktop/test_data/cnf/sudoku/1000-sudokus.txt/919.txt,Grab First,22,15,12015,729,27,27817,82014,38,38,2.5522091388702393
/Users/spijkervet/Desktop/test_data/cnf/sudoku/1000-sudokus.txt/931.txt,Grab First,9,7,12015,729,27,15746,54389,17,17,2.5190157890319824
/Users/spijkervet/Desktop/test_data/cnf/sudoku/1000-sudokus.txt/925.txt,Grab First,3,2,12015,729,27,5210,26629,6,6,2.2933497428894043
/Users/spijkervet/Desktop/test_data/cnf/sudoku/1000-sudokus.txt/514.txt,Grab First,9,7,12013,729,25,15768,57199,17,17,2.550100803375244
/Users/spijkervet/Desktop/test_data/cnf/sudoku/1000-sudokus.txt/272.txt,Grab First,9,6,12012,729,24,11305,40663,16,16,2.3567278385162354
/Users/spijkervet/Desktop/test_data/cnf/sudoku/1000-sudokus.txt/266.txt,Grab First,25,22,12012,729,24,43402,128180,48,48,2.967381000518799
/Users/spijkervet/Desktop/test_data/cnf/sudoku/1000-sudokus.txt/500.txt,Grab First,0,0,12013,729,25,2941,23328,1,1,2.2531380653381348
/Users/spijkervet/Desktop/test_data/cnf/sudoku/1000-sudokus.txt/528.txt,Grab First,8,8,12013,729,25,15489,55998,17,17,2.5866198539733887
/Users/spijkervet/Desktop/test_data/cnf/sudoku/1000-sudokus.txt/299.txt,Grab First,24,22,12012,729,24,47788,145192,47,47,3.2985363006591797
/Users/spijkervet/Desktop/test_data/cnf/sudoku/1000-sudokus.txt/598.txt,Grab First,5,1,12013,729,25,6704,31061,7,7,2.697046995162964
/Users/spijkervet/Desktop/test_data/cnf/sudoku/1000-sudokus.txt/201.txt,Grab First,0,0,12012,729,24,2940,23328,1,1,2.2351229190826416
/Users/spijkervet/Desktop/test_data/cnf/sudoku/1000-sudokus.txt/567.txt,Grab First,6,5,12013,729,25,9935,39306,12,12,2.5109477043151855
/Users/spijkervet/Desktop/test_data/cnf/sudoku/1000-sudokus.txt/573.txt,Grab First,1,0,12013,729,25,3753,24966,2,2,2.1980957984924316
/Users/spijkervet/Desktop/test_data/cnf/sudoku/1000-sudokus.txt/215.txt,Grab First,50,48,12012,729,24,100078,296054,99,99,4.202926874160767
/Users/spijkervet/Desktop/test_data/cnf/sudoku/1000-sudokus.txt/229.txt,Grab First,1,0,12012,729,24,3824,25540,2,2,2.234039068222046
/Users/spijkervet/Desktop/test_data/cnf/sudoku/1000-sudokus.txt/942.txt,Grab First,0,0,12015,729,27,2943,23328,1,1,2.3589651584625244
/Users/spijkervet/Desktop/test_data/cnf/sudoku/1000-sudokus.txt/956.txt,Grab First,3,1,12015,729,27,6980,34161,5,5,2.3021790981292725
/Users/spijkervet/Desktop/test_data/cnf/sudoku/1000-sudokus.txt/765.txt,Grab First,28,26,12014,729,26,47704,137728,55,55,2.902484178543091
/Users/spijkervet/Desktop/test_data/cnf/sudoku/1000-sudokus.txt/771.txt,Grab First,2,0,12014,729,26,4867,28137,3,3,2.46789813041687
/Users/spijkervet/Desktop/test_data/cnf/sudoku/1000-sudokus.txt/759.txt,Grab First,7,3,12014,729,26,12574,47536,11,11,2.575910806655884
/Users/spijkervet/Desktop/test_data/cnf/sudoku/1000-sudokus.txt/981.txt,Grab First,22,21,12015,729,27,37587,116426,44,44,2.834501028060913
/Users/spijkervet/Desktop/test_data/cnf/sudoku/1000-sudokus.txt/995.txt,Grab First,2,1,12016,729,28,5004,27766,4,4,2.4063849449157715
/Users/spijkervet/Desktop/test_data/cnf/sudoku/1000-sudokus.txt/76.txt,Grab First,0,0,12011,729,23,2939,23328,1,1,2.256459951400757
/Users/spijkervet/Desktop/test_data/cnf/sudoku/1000-sudokus.txt/836.txt,Grab First,0,0,12014,729,26,2942,23328,1,1,2.1160659790039062
/Users/spijkervet/Desktop/test_data/cnf/sudoku/1000-sudokus.txt/188.txt,Grab First,0,0,12012,729,24,2940,23328,1,1,2.2104380130767822
/Users/spijkervet/Desktop/test_data/cnf/sudoku/1000-sudokus.txt/62.txt,Grab First,2,1,12011,729,23,4251,25798,4,4,2.1692779064178467
/Users/spijkervet/Desktop/test_data/cnf/sudoku/1000-sudokus.txt/822.txt,Grab First,4,1,12014,729,26,7215,34091,6,6,2.2194628715515137
/Users/spijkervet/Desktop/test_data/cnf/sudoku/1000-sudokus.txt/89.txt,Grab First,1,0,12011,729,23,3911,25468,2,2,2.4196181297302246
/Users/spijkervet/Desktop/test_data/cnf/sudoku/1000-sudokus.txt/611.txt,Grab First,2,0,12013,729,25,5074,29501,3,3,2.2976880073547363
/Users/spijkervet/Desktop/test_data/cnf/sudoku/1000-sudokus.txt/177.txt,Grab First,3,2,12012,729,24,7733,36655,6,6,2.206973075866699
/Users/spijkervet/Desktop/test_data/cnf/sudoku/1000-sudokus.txt/163.txt,Grab First,12,10,12012,729,24,22594,75966,23,23,2.4079670906066895
/Users/spijkervet/Desktop/test_data/cnf/sudoku/1000-sudokus.txt/605.txt,Grab First,15,11,12013,729,25,21116,70265,27,27,2.412377119064331
/Users/spijkervet/Desktop/test_data/cnf/sudoku/1000-sudokus.txt/639.txt,Grab First,9,5,12013,729,25,13318,48873,15,15,2.487144947052002
/Users/spijkervet/Desktop/test_data/cnf/sudoku/1000-sudokus.txt/375.txt,Grab First,0,0,12012,729,24,2940,23328,1,1,2.8001108169555664
/Users/spijkervet/Desktop/test_data/cnf/sudoku/1000-sudokus.txt/413.txt,Grab First,17,15,12013,729,25,23609,68534,33,33,2.863105058670044
/Users/spijkervet/Desktop/test_data/cnf/sudoku/1000-sudokus.txt/407.txt,Grab First,1,1,12013,729,25,3877,25098,3,3,2.2918589115142822
/Users/spijkervet/Desktop/test_data/cnf/sudoku/1000-sudokus.txt/361.txt,Grab First,30,29,12012,729,24,58596,171948,60,60,3.2802741527557373
/Users/spijkervet/Desktop/test_data/cnf/sudoku/1000-sudokus.txt/349.txt,Grab First,0,0,12012,729,24,2940,23328,1,1,2.3811581134796143
/Users/spijkervet/Desktop/test_data/cnf/sudoku/damnhard.sdk.txt/29.txt,Grab First,30,23,12005,729,17,60625,201874,54,54,3.577162981033325
/Users/spijkervet/Desktop/test_data/cnf/sudoku/damnhard.sdk.txt/15.txt,Grab First,8,8,12005,729,17,17976,69267,17,17,2.420851230621338
/Users/spijkervet/Desktop/test_data/cnf/sudoku/damnhard.sdk.txt/14.txt,Grab First,188,181,12005,729,17,417074,1336967,370,370,10.29358720779419
/Users/spijkervet/Desktop/test_data/cnf/sudoku/damnhard.sdk.txt/28.txt,Grab First,83,79,12005,729,17,159752,461021,163,163,4.498941898345947
/Users/spijkervet/Desktop/test_data/cnf/sudoku/damnhard.sdk.txt/16.txt,Grab First,2,1,12005,729,17,5885,32286,4,4,2.0719010829925537
/Users/spijkervet/Desktop/test_data/cnf/sudoku/damnhard.sdk.txt/17.txt,Grab First,4,2,12005,729,17,10828,50007,7,7,2.229156970977783
/Users/spijkervet/Desktop/test_data/cnf/sudoku/damnhard.sdk.txt/13.txt,Grab First,98,91,12005,729,17,190608,603413,190,190,5.017955780029297
/Users/spijkervet/Desktop/test_data/cnf/sudoku/damnhard.sdk.txt/12.txt,Grab First,23,20,12005,729,17,42471,139884,44,44,2.732745885848999
/Users/spijkervet/Desktop/test_data/cnf/sudoku/damnhard.sdk.txt/10.txt,Grab First,19,16,12005,729,17,42239,151066,36,36,2.921128988265991
/Users/spijkervet/Desktop/test_data/cnf/sudoku/damnhard.sdk.txt/11.txt,Grab First,249,243,12005,729,17,525923,1596500,493,493,12.026469945907593
/Users/spijkervet/Desktop/test_data/cnf/sudoku/damnhard.sdk.txt/9.txt,Grab First,45,38,12005,729,17,89501,299990,84,84,3.5273032188415527
/Users/spijkervet/Desktop/test_data/cnf/sudoku/damnhard.sdk.txt/8.txt,Grab First,226,223,12005,729,17,523739,1752836,450,450,12.370746850967407
/Users/spijkervet/Desktop/test_data/cnf/sudoku/damnhard.sdk.txt/5.txt,Grab First,10,5,12005,729,17,25666,107423,16,16,2.3391530513763428
/Users/spijkervet/Desktop/test_data/cnf/sudoku/damnhard.sdk.txt/4.txt,Grab First,8,7,12005,729,17,25511,108228,16,16,2.631007194519043
/Users/spijkervet/Desktop/test_data/cnf/sudoku/damnhard.sdk.txt/6.txt,Grab First,83,83,12005,729,17,167848,539439,167,167,5.416899919509888
/Users/spijkervet/Desktop/test_data/cnf/sudoku/damnhard.sdk.txt/7.txt,Grab First,292,286,12005,729,17,674928,2162007,579,579,15.345325946807861
/Users/spijkervet/Desktop/test_data/cnf/sudoku/damnhard.sdk.txt/3.txt,Grab First,192,188,12005,729,17,431788,1408049,381,381,10.631581783294678
/Users/spijkervet/Desktop/test_data/cnf/sudoku/damnhard.sdk.txt/2.txt,Grab First,122,110,12005,729,17,263420,845365,233,233,7.026360988616943
/Users/spijkervet/Desktop/test_data/cnf/sudoku/damnhard.sdk.txt/0.txt,Grab First,52,48,12005,729,17,86921,261032,101,101,3.357743978500366
/Users/spijkervet/Desktop/test_data/cnf/sudoku/damnhard.sdk.txt/1.txt,Grab First,5,3,12005,729,17,9220,41969,9,9,2.1729202270507812
/Users/spijkervet/Desktop/test_data/cnf/sudoku/damnhard.sdk.txt/34.txt,Grab First,31,29,12005,729,17,76574,271309,61,61,3.8801369667053223
/Users/spijkervet/Desktop/test_data/cnf/sudoku/damnhard.sdk.txt/20.txt,Grab First,235,230,12005,729,17,460426,1365691,466,466,10.355451345443726
/Users/spijkervet/Desktop/test_data/cnf/sudoku/damnhard.sdk.txt/21.txt,Grab First,8,6,12005,729,17,21686,91311,15,15,2.447838068008423
/Users/spijkervet/Desktop/test_data/cnf/sudoku/damnhard.sdk.txt/23.txt,Grab First,44,39,12005,729,17,74233,223032,84,84,3.740399122238159
/Users/spijkervet/Desktop/test_data/cnf/sudoku/damnhard.sdk.txt/22.txt,Grab First,30,26,12005,729,17,71069,252270,57,57,3.3403327465057373
/Users/spijkervet/Desktop/test_data/cnf/sudoku/damnhard.sdk.txt/26.txt,Grab First,66,63,12005,729,17,162685,570392,130,130,5.4812657833099365
/Users/spijkervet/Desktop/test_data/cnf/sudoku/damnhard.sdk.txt/32.txt,Grab First,7,3,12005,729,17,17319,72748,11,11,2.2959680557250977
/Users/spijkervet/Desktop/test_data/cnf/sudoku/damnhard.sdk.txt/33.txt,Grab First,112,105,12005,729,17,197880,575871,218,218,4.997168064117432
/Users/spijkervet/Desktop/test_data/cnf/sudoku/damnhard.sdk.txt/27.txt,Grab First,0,0,12005,729,17,2933,23328,1,1,2.1139838695526123
/Users/spijkervet/Desktop/test_data/cnf/sudoku/damnhard.sdk.txt/31.txt,Grab First,18,5,12005,729,17,36826,138337,24,24,2.6176817417144775
/Users/spijkervet/Desktop/test_data/cnf/sudoku/damnhard.sdk.txt/25.txt,Grab First,0,0,12005,729,17,2933,23328,1,1,2.8638041019439697
/Users/spijkervet/Desktop/test_data/cnf/sudoku/damnhard.sdk.txt/19.txt,Grab First,183,177,12005,729,17,418199,1331196,361,361,12.556203126907349
/Users/spijkervet/Desktop/test_data/cnf/sudoku/damnhard.sdk.txt/18.txt,Grab First,120,113,12005,729,17,241841,767128,234,234,6.746868848800659
/Users/spijkervet/Desktop/test_data/cnf/sudoku/damnhard.sdk.txt/24.txt,Grab First,4,1,12005,729,17,10204,48137,6,6,2.185774087905884
/Users/spijkervet/Desktop/test_data/cnf/sudoku/damnhard.sdk.txt/30.txt,Grab First,2,1,12005,729,17,4821,27544,4,4,2.224520206451416
